term,context,meaning_zh,first_seen,last_reviewed,next_review,interval_days,recall_score,status
maintenance,"Maintenance is another challenge.",维护；保养,2026-08-06,2026-08-18,2026-09-01,14,2,learning
limitation,"one important limitation of pocket parks",局限；限制,2026-08-06,2026-08-18,2026-09-01,14,2,learning
attend,"Even when residents can attend...",参加；出席,2026-08-07,2026-08-18,2026-08-25,7,2,learning
participation,"To increase participation...",参与；参加,2026-08-07,2026-08-18,2026-08-25,7,2,learning
overlooked,"so that overlooked groups have more than one way to take part",被忽视的,2026-08-07,2026-08-18,2026-08-25,7,2,learning
lend,"Some public libraries now lend objects such as tools.",借出,2026-08-10,2026-08-18,2026-08-25,7,2,learning
passenger,"after several passengers reported that they had to stand in heavy rain",乘客,2026-08-20,,2026-08-21,1,,learning
staff,"Staff clean the area each morning.",工作人员；全体职员,2026-08-20,,2026-08-21,1,,learning
keep ... clear,"Passengers must keep the walkway clear.",保持……畅通；不被堵住,2026-08-20,,2026-08-21,1,,learning
